{"cameraMode":{"drawMode":0,"name":"Shaded","section":"Shading Mode"},"sceneLighting":false,"audioPlay":false,"sceneViewState":{"m_AlwaysRefresh":false,"showFog":true,"showSkybox":false,"showFlares":true,"showImageEffects":true,"showParticleSystems":true,"showVisualEffectGraphs":true,"m_FxEnabled":true},"in2DMode":false,"pivot":{"x":-2.740000009536743,"y":1.6100001335144044,"z":-2.509999990463257},"rotation":{"x":-0.005157484672963619,"y":-0.9731801152229309,"z":0.22951586544513703,"w":-0.021901246160268785},"size":1.2247449159622193,"orthographic":false}